MEM2,MEM3
18.065259,16.521272
7.372439,13.478695
19.178571,42.097363
16.374955,20.1897
15.289077,14.927163
20.886211,25.873065
13.27277,12.944854
7.039487,4.265128
2.855254,5.564586
14.854626,19.907056
8.115646,10.176573
5.232044,5.597829
2.358887,2.452199
14.958057,15.09086
8.926543,7.985766
7.410039,7.306997
12.484593,12.255536
109.319753,96.08004
19.091273,38.290802
15.08961,32.216273
8.740215,7.516907
17.545692,27.302499
